Id,Category
LTExODM2Mzc0ODQyOTc1ODE4NDM=,2
LTUwNDU3NzgyNjE2Mzk0OTU1NjQ=,2
ODU3OTE0MDU5NzM5NDI2MDQ2,2
LTQ4OTE2NDk5ODk4MTA3NDY5Mzg=,2
MjkzNzMwNzkxNTg5NDA1Mjk3NQ==,2
LTY0NTMxOTc0MjIxMjcyMTg4NDM=,2
OTEyOTc1NjM5NjAyMjM1MjE5,2
LTU0ODExMzc4Nzc4ODg2NDIzNDA=,2
NTMyNzg5MzE4ODM4Mzg5NzIzMQ==,2
ODQzOTk5ODA1MDM2NDg3MTM1Mw==,2
Mzc0MzE3Mjk4NzUwMjgxMDIyMg==,2
NzQ1NTU0MzkzNDY2OTcwOTEyOA==,2
MzQ1ODQwNDc2MjQ5NTQ3NDM5OQ==,2
LTU4NzgzODE0OTUwODQxMjkzNzY=,2
ODA3OTc3MzExNTA5MTk3Mjc4NQ==,2
LTQ3NDYyNjg0NTQ1MDkyNTk0MTg=,2
MTY4NDQzODM3OTA0Mjk5NjAyMg==,2
MzMzMTUxNjAwNzk2MTM5NTU3OQ==,2
LTMzOTIzMDk3NzA1OTM1OTI3MDE=,2
LTg0NjM5NzgwMTYxNjQ2NDEzMzM=,2
LTgyMTI2MDQ0ODkyNjQwNzkxMTE=,2
NjkzMzYzNDM3Nzg4MzM0Mjg=,2
Mjg2NTk4NzYyOTY2NDkzMTU3NA==,2
NDk1MTQxMDQ5MTEzMDEzODAzNQ==,4
NzM0ODUzNjQxNjI2MzU3NTg1NQ==,2
LTU4MjE4NzQ0NTM2ODI1OTcwMjQ=,2
LTMwNzQ2NTQ4MTczOTA5NTc3ODc=,2
LTQ0MTI5OTQ0MzExMTI3MDgzODY=,2
NjczMjQ1MTcyMTE3NDUzNjAyMg==,2
LTU5OTIyOTkzMDIxNTE2MjE2OTg=,2
NTk0ODM2NDQzNzA5MjYxOTIyNw==,4
ODIxNDg2NDI1NzQ0NjY0MDIzNA==,1
LTI5MjE0NDczODM2MzczNDQ4Mjc=,2
OTkyMzIyNzAxNTYyMDAyMTkx,2
LTUzMzczMjE1NzUwNDMzMTM2ODE=,2
NTk1MjIyMDc0MDk1MzkxNjcwOQ==,2
NTgxNTc3NDU2OTE1MDc0MTg4NQ==,2
NzQwODk2ODc4NTQ0Njc4MjA5MA==,2
MzEwODYzMjc5MjkwODA0NDA2NQ==,2
LTEyNzgxNjU3MDg4MTcwNjExMDg=,2
LTkxODg1NTM2ODU0NDU0ODQ0Njk=,2
Nzg1OTQ2NDA5MjU3OTQzMzI2MQ==,2
LTc1MDMwNTg5ODYwOTU5OTAxMTc=,2
MTk2NzA4MTI2MjM5ODQ3MDQ1Mg==,2
Njk1NzAyNTU5Nzg4MTkxOTcxNw==,2
LTYzNjAwMjQ4OTMxNjA0NDg0Mg==,2
LTY2MTAyMDYyNjc5ODk5MDIwNjY=,2
NDEzMDU5MDE5NjM4ODE0Nzg3MA==,2
LTc2ODE2NjYwODA5NDAwNjAzNDU=,2
MjMxNjQyNTAzODQwNTgzMzgxMw==,2
LTQyMjU1NDM2MjMxMTg0MjM3ODY=,2
MzkyMjcyNDk5NDIwMDY5MTU3OQ==,2
LTg5MzExODAxNzM2MzQyNzU0Nzk=,2
MzU4ODIwNDk2OTkyOTIzNjM5NA==,2
NTUyNTgxNTcwNDk0NDgzMTY4MA==,2
NzExOTAzOTQ2MDQ3NjM0NDU0OQ==,2
LTE1OTQ4NDE2ODc5MDc4NzAwNzY=,2
MzU5OTg4MTQ0OTYwNDUxNzMwMQ==,2
LTYzNzU5MzcwOTg4MTQ0MDAyODU=,2
NjkxMjAwMjMxNjczNjM2NTQxNQ==,2
NTAzNjI4MzcyNTk3Mjk3MTgyNw==,2
ODI1NDI2OTkzODYyMzA3MzE5Mg==,4
NDUzNzk2MDkxMjY3NzUzMzU0Mw==,2
NjYzNTk1Mjg2NjEyMjQ0MzEzOA==,9
MTczNjIxMTMyNzI5Mzg4ODI=,2
ODc3ODE1MTQxNDE2NjU2MDAw,2
NzE1NTQ4MzE1MzA2MTU2MjY2NA==,2
LTU5OTE0MDk3MjgxNzQwMDc5OTg=,2
LTI4MjAyNjg4Mjk4NzQ2MTg4MDc=,2
NjM3MzExMDgxOTE2MTkyMjAzNA==,2
LTIwMTA2NjU0ODU5NzY1NzkyMjA=,2
LTU2MzQzNDAwNTA3MzUzNTg2NjI=,2
NTAzNTk4NjMyNDM2MDU4OTM5Mw==,2
LTg3MDcyNDE0MjkxNjAyNTY2MjU=,2
LTY2ODA3NDU1MDY5NzI5MjAxNTg=,2
NjAwODI3NjM5NTcwNDE3MjAxMA==,2
MTE2NTUwMjUwNTk3OTYyODI=,2
ODc3OTQwMDY4MjcwMjcxMDM4MQ==,2
MTc5NzIwMzIyMzg3NTQwMzgwMQ==,2
NzE5MjM4Mjg5MTQxMDkwNzMxOQ==,2
LTIxMjA2NjAyNzg2NjUxNzE2MQ==,2
MzM5MTk1MTk2MzExODU0OTE4Ng==,2
LTQ3MjM0MDA3MDg2NDQ3NTk2Njk=,2
LTMwMzQ0NjMyMTIxMzE2ODAyMDM=,2
ODk0NjY4MTc3NzA1NTM0ODA5NA==,2
LTc4NTQyMDE2NzM4MDI1MTU0OTc=,2
LTQ1ODcwNzM2MTczMTI1Mzg0NDI=,2
MTM0NzQ1MjE3OTIzODA2NjIyOA==,2
LTM5Nzc2OTUzOTkzNTQyNjc1OTI=,2
LTczNzU3MDk1OTk0ODU2NzM1NDU=,2
ODY2MDg0MDM4NjA3ODU4NjkzMg==,2
NjYyNjA1MTMyMjk4NjQ2MzM0OA==,2
LTMwNDk3MTc5NjQ1NDY0MjAzODA=,2
LTY4MzA0MTYyNTEyMTEyMDA5NQ==,2
LTI0NjE3NDYxOTU0MTk0OTYzOTY=,2
NDYyNjQzMDQ0MzQwMzIwNDkzNg==,2
LTYwNjg4NTEyOTYyMDAwMjE5MjI=,2
NDQxOTg5NTE2MjkwNzkzNjI2Mg==,4
MzM0ODc3NTg2MDQyMjQ2MzE3NA==,2
NDY0MzQ1NTY4Nzk5MjA3MTU5Nw==,2
LTcxNDE1MTk0NjIxMzA1NTY3Njg=,2
NjY0MzI2ODk2Njg5NjYzNzk0MQ==,2
NTE0MDU3NDI2Mzc1NzEyNDczMg==,2
LTUxNDAzMjU0NjUwMDc1MzEwMDU=,2
LTI4ODc5NzQzNDU4OTMxNDM3MDM=,2
Njc4NTU4MjAwOTkwMjc2NjI4OQ==,2
LTYxNjk0MTE3ODEzMTg0MDM0NTc=,2
LTU2Njc0MTQxNTgwMDE2NzM5NzE=,2
LTU1MjQzMjEzMjE0NjA2MTcxNDg=,2
NzE0ODUxMDU2Njk4MzE4NzUyOQ==,2
NzcyNDEzOTk4MzA3NzEzOTg2OA==,2
NzgwNDEwNTg3NjYxODA3OTMxNw==,1
NzY5NDQxNzM5MzIzNDQwNzg4NQ==,2
LTc2NjM4NTIyMDczNTc0MDYwMjE=,2
NzQwNzc2MzMzMzQwNjY3NTE2MA==,2
LTc2ODQ1MTY4OTQ4MzA3MDkxMDQ=,2
LTY2MzE5MDY1MTUwMzU3OTExMjc=,2
LTc4NTYxNDYzMDA5MjEwNDI=,2
Mzg2MjUwMjEwNzY5OTYxOTcyNw==,2
NTUzODM3NTg4NTQ4MDA4MTY4MQ==,2
ODY4NTA0OTYxODE5NjU4NDgzNA==,2
LTcwMDkzMDQ4MTM1NDQ3OTE3MA==,2
LTUzNDUxMDE4NDQ3NDQ3MzgwMjA=,2
MzA1NjUyOTYzODAwMDcyOTMwMQ==,2
LTYwMDQ5ODA0NTcwNTQzNjcyODI=,2
LTQ5NDkyMDgyOTM3MzczNjk2OTE=,2
LTYyMjE3ODMyMzYwOTAyMDE5Njg=,2
ODg3NDczMjA1OTczNTU0ODAwNw==,2
OTE3OTk4MTU1Mjg4ODIzNjAzMQ==,1
NzIyODkzNTg1OTc4ODI3NjIxMw==,6
LTE1ODAzOTY4MjA4Nzc3MzUzMDQ=,2
LTI5MDcyOTk3OTczNjI2ODQ2NzE=,2
MTQ2MTAwMzkwNDI2MDk1MzMxNQ==,2
Njg5NzE2NDMzODExNDAxMzc1Ng==,2
MzA2MTY1MDE4MDQwNTg2MzI4,2
MTE3NzIyMTY0ODg2MTIwODY2NA==,2
LTQwNzEzMjE0NDc2MTE4NTA4OTU=,4
NDY5MzQ3NDIyNzg1MjUxMTU2OQ==,2
LTIyOTc5Njg3NTQ4OTMzNDY2NjY=,2
ODA4NjAxMDE4NDA1NDY1MDA4Ng==,2
NTA3NTgwNjk1NzAzODAyOTU0,2
LTU0NjUxNzIwMTA2MzA1MTUyOQ==,4
NTQ5NjEyODY5MTQ3ODQwNTQwNw==,2
LTIxMTAzOTY1NzQ4MjQxMjI4Mzg=,2
NzY0NzgzMzcxODY3NDIxODY3Ng==,2
LTUyMTQ0Mjk2MDc4OTQxNDA2NzA=,2
LTU1MjM1NDkzNDc5NTkyMzExMTg=,2
LTU4MDQ3NzY4Nzc5OTQ1NTE2Nzg=,2
Nzg2MjM1NzY0OTYwNDU5MzA4,2
ODYxODM2NjkyMjMwMjcxODAyOQ==,4
LTIyOTkzNDY2ODkwNjc0ODg5MTM=,4
MTYwODMzOTM3NjIxNjY3MDcyNQ==,2
LTIyNzU3NDE5NjgyNzg3NDg0OTU=,4
Nzk1NTM2NTIwMDQ5ODY2NTIyMQ==,2
LTM4OTU0MjY4OTAzNzYyMzMwMw==,2
NTcxMDgxNjAzNDM4NjMyMjAwMA==,2
Nzc2MTA3NzQ0OTgyMDQzMDI4MA==,2
MTI2NDM1MzcwNTk3MjA4NDcwNA==,2
LTgzMzExMDY3OTc4MDQ2MTQ2Mzc=,2
LTgxMzY5NDQ3NDQyMDExNzI3NTY=,2
LTYwOTcwNTI2NjAwMzkzMjk5Mzc=,2
LTc2MzY5MzU5MzE4NTc2Mzc2MzQ=,2
LTc3NTgxMDgwMTI0NzI2OTA5NDc=,2
NjY0MTc4NDI4MTk3MjI3OTEwMg==,2
NjM1NTU0NzI1MDIwMDkyOTE4NQ==,2
LTE3ODYxNTczMDk1Mzk5MDM4MDE=,2
ODgyMDMwODMzNjYwMzM0MzMzMA==,2
MTIzNjQzMDk1NjgwNTAzMDUxMw==,2
MTY1MjA4NTE0MjU2NDE5MzY5MQ==,2
MTQ4MTgwOTM2MjcxMjI1MTY5NQ==,2
LTE5MjY0MDQ4NzQzNzk5MDMzNTc=,2
MTg5NTExODM0NjA2ODEwNTM4Ng==,2
Njg1MjU2NjA4MDMzNjM3NjkzNQ==,2
LTY2Mzc1MjIzMTA5NjU4ODA0Mw==,2
LTU1ODEzNTcxMzc1OTIwMTMwMzk=,2
MTA1MDkzNzUwODQ4NDA3NjMzOQ==,2
LTI1ODc2NjY4NTM1OTMyOTQzMzE=,2
ODE4NDQ2Mzg4NTY2NTk2NzQ5OQ==,2
LTY3OTE2NTg3MjE1NjQ0NjM1NTg=,2
MTAyMTMzMjAzNTYzOTIwOTcyNg==,2
ODI0NTcxNjg3ODg1OTU4MzAyOA==,2
NjI1NzQwODk0MzI4MDA0NDk1NQ==,2
MzM3Nzk3MDc4NjAxMTkzNTk1Nw==,2
NTcwNzE2NjMyOTMyNzg1MzU2MQ==,2
NzUzNzQ1MzM2NDY2MjU1MjUxNA==,4
LTcxODU2NDY5OTk4MDU2MDU3MTA=,2
NTc4MzE3NjgzOTMzNDMyNjkwNQ==,2
LTY0MzU0NTEzOTIxNTIwNjA0NTM=,2
NzUwNzU0OTU5MzE4NTUyMTEyNw==,4
Nzc0NDY2NjQ0MzIwODIyOTg1MA==,2
LTI0NzU0NDA2MzAzOTIwNTEzMjg=,2
NzM3MjEyMzI3MjY1NTYxOTY5OA==,4
NjEzOTg0MTg0MTE2MzIzMTYzNg==,2
LTYyMjk0OTUwOTg5ODQ5OTQ0MTk=,2
MjM3NTMwNzM5MDY4NTIwMDU4,2
MTU3OTMyMjU1MzkzMjA4Mzk0Nw==,2
NzEzMDEyMjYyNTc4OTg4ODI3OQ==,2
NzYzNjA1NDAzMTI0MTE0ODg3NA==,2
LTM5NjA5OTE1NzU3NzcyMjAzMjE=,11
LTI5MjUxNTgzODUxODA1MjY2MTc=,2
MzM0NDI2MzMzNzE5NDYxNDUyOQ==,2
MjcwODk3NzY3MTA5Mzg1OTY5Nw==,2
NDIyMjczNzUwNDUxMjAwNzM3NA==,2
ODQ2OTIwMzcxNDEyOTg4MTI1MA==,2
MjUyNTY0ODUyMTE4OTI1MDI4Nw==,4
LTMyNDc2OTI0NjUwNTEyNDU3MTQ=,2
MjY0NzI1NDM3NzE4Nzc0MDUyMg==,2
MjUzMDczMjA5MzUxNTY3MjQwMg==,2
LTExMzk4NTg0Mjg0NTU2MDg4MTU=,2
LTE2MDQ3OTYwMTU3NjY0MTE4NDQ=,2
LTUwNDQxMjQwOTEzMDEyMDI4MA==,2
LTIzNDIzNzY2NjM1ODUwMTMxNTY=,2
LTY2NjY2NTk2NjUxOTkxNDE0Nzg=,2
NTQ5NjAzNjkwNzEzODg3NDI4,2
MjQ0ODUxMDU5MDI3MDEyMDE3Nw==,4
LTE5MjEyOTMyNzA1NDAxNzY2NzY=,2
MzgzMjMzODYxNzM2NzIzNzI0,2
ODIzMDQ5Njk4MzQ3Njg0NTYzMw==,2
LTkwMTc3NzYwNTExNTUwNzY0Nw==,2
MTMzNjMxMTMxODEzMDk0NjAyNQ==,2
MjYxOTUzMjk0MjQ1NDIzNjQ4MQ==,2
MzMwMzk1MjMyOTEwNzIzMDMwNQ==,2
MzY1NzY1NTE1OTc2MzA0OTc5Mw==,2
LTMyNTAxMDg3ODkzMTM2NTMwMQ==,2
LTUzOTkxMzg0MzM2Mjc3MjAwMjc=,14
LTgwNzYwODgwMDc2NTkyNjA3NQ==,2
NzAzNDMzMDU2MjU4NDkyODAwNg==,2
LTkzNzU4NTgyMjY0MzE4Mjk0Nw==,2
LTUzNzUxODgxMzg0NzQ0ODAwNjc=,2
NjA0MTczNjQ1OTg0NTM3MDcxNw==,2
LTE0ODE0OTczMjAyODUzNzkwNzA=,2
MjMxNjE0Njk0MTgyNDQ5MzA5Mg==,2
LTg5NDQ2MDMxNTU2MDg0NTM5ODI=,2
MzMyNzg0ODg2ODg2NTY0OTIxOQ==,2
LTM1MDYzNjQzNzExNDU5NjkyMTE=,2
LTI4NzM1NDk4MDM2ODQ0OTY3OTk=,1
ODg3ODAyMDkxODA2MjkxNzcxMQ==,1
LTE4OTA2NzI3MTEyMzU3MjU5Nzk=,2
LTYxMjc0Mzc1NjkzNDM4MjExMzg=,2
LTczNTgyODQ0MzM0MTA0NDU4NDQ=,4
LTIzMzI2MjI5NzIzOTE4NzYxNzA=,2
NDU4NjQzNDM5MzIwMjIyOTk2OQ==,2
LTI1MDU4Njc0Mzc2NzkxODQ5NTM=,4
LTI2NjY2MTE5OTcxMDkxNjY0NzU=,2
ODM0MjEwMTc1ODM1NzI5ODc4OA==,2
NzAyNDUyMDQyNDE4MDM2NjM3,2
LTYxNjgzMTY0NTYxOTM3MzkyNzA=,2
LTQwMzEyNjEzMjM0MDg3MzYyNTQ=,2
LTU5OTc1MzM0OTU3MjQ1MjkzNDM=,2
LTg2MjA3NzAyNDE2NDI5NTAzODM=,2
MzEzMjQxMjc4NjgzNzIxNzkwOQ==,2
LTQwMjg1MTI3MDg2MTg1ODA5NDQ=,2
LTM3MzI2OTI3OTI1NjI0OTI5MzU=,2
MTQwNTg5MjA2MjIyODk1NTcwNQ==,2
MjgzNzUwMDg5NzYyNjY1ODU4Ng==,2
NDA4NjA5OTI0NjE1ODUyNDY1Mw==,2
LTM0MzU0NTY1NTM5NTI4NjUyMjk=,2
LTc4MzMzNzI1NTE5MzQ3Mzk1MzM=,2
LTUyNzY5MDQ0NjA4MjQzMDkwMDk=,2
LTg3ODczMzA4NjU0NDIxNDIwMjE=,2
LTc5MTUyNDk2MTA4MjQzMjYwNzE=,2
LTUwMjk4MzA2NjAxMzU1ODg1NDE=,2
ODQ0MzUwNjQzODQ3MTY5NTkzNQ==,2
MTAwOTk2MTMzNzU2NjkzODY1Ng==,2
NDgyMDEyNTQwNzg4Mzk0NDA3MA==,2
LTU3Mjg2OTE5MjgyNDkzNTUxNjc=,2
ODc2NTYyMjUyMTAzMjM1NTQwMg==,2
LTMzMzg4NDEwNTk2MTU4MzE4MjI=,2
OTE5MTU3Mjc1NDQ1Nzc1NDg5,2
LTg3Mzc1OTE4MTcyMzMwOTU3MzQ=,2
LTI2ODU5MjM0MjE1MzI0NTI2Ng==,2
LTQ0MzgyODI5NTk2NjQzOTE1MDM=,2
LTU5NTU3MTkxNjEzOTQ5OTU3OTA=,2
LTgzMDAyNDg5NzIzMDU3MTEwNDY=,2
LTQwODM0NjIzMDEyNjIxMzgzMzQ=,2
LTUyNTk1NzI2ODczOTQ1MjU1ODM=,2
LTg2MDMzMDc3MDkzMTc3MTkxMTc=,2
NTg0NDE4NTMwMTUxMDMyMDc2Mw==,2
LTYzNzQyMzI5NjA1MDQzMDYyMzE=,2
Mjc4NTU5NDczNzYwOTk3NDYxNA==,2
NTUxOTMwMTMxMzgwODMwNzY0Mw==,2
NjU0NzQ2MzU4Mjk3OTkzNDQ2NQ==,4
LTIyMDE0Mjk0MjE1MDE5NDYwMzM=,2
LTEzMDg2MTY5NDg1NDc0ODQ1OTQ=,2
ODkyNDIwNDE4ODA4ODMzMjgwOA==,2
LTE4NDM5NTk2NDQxMDg2NTQ1OTI=,1
NzIyNTA2MjYxMjAwNjAzNjU0Ng==,2
NDg1NzY2MjE4Njc3NTY4Nzk2,2
NTE0MTgzNzQ0MTY4ODQxMjcwOA==,2
LTIzMDg1NjAwNjU2NjYzNzA1ODk=,2
LTgwNDYxOTUxMDE4NzA0OTA1ODY=,2
LTMxMDQ2MDk0MjU2NzgxOTY3NTY=,2
NzM4NTY3NzU1NTQ2NzgxMDM4Nw==,2
OTEyMzIwMjI5NDY1NjY4MzY2Mg==,2
LTUwMjI3MTE3MDMyMTE0Mzc3MzA=,2
MzkxNjQwODc5NTM2NzMxNzE5NQ==,2
NjYxODQzMTQwMzI2ODI5MTA5,2
LTM3NjczMDcwMDk3Nzg1ODc2ODk=,2
LTU4ODE4NzA2NzY0NjMzODM4MzE=,2
LTkwNzYwMTk2MjE4NTIwMDg1,3
NDI5Mzg1NjQ5ODM2MzI3MDQ5Ng==,2
LTg0MDgzMjA3NjMyOTU3NzYyOTY=,2
LTQwNzg3MDkxMzUwOTQxNjAwMDA=,2
Mzg3MDQwODg0MjU3OTYzMDI1Ng==,2
NTgwNDMzNDc0NjQzMTA2ODQ1Mg==,2
LTE5MzQ3NzU0OTY0MzIyOTk3Njc=,2
NDkzMjA2NjUyMTU5MDEwMTE2MQ==,2
LTU5NjE1NTkyMDA2Mjk5OTY1MTM=,2
NjMxMjQzMjc1NjU3MTc2OTAyNA==,2
LTE2Njk1MjgxMjI2NTg3NTA5NzY=,2
Nzc4NzAwMTgxNjE1MTQ3ODkx,2
MjM0MzE2Njc1NjIxMDA1MzgzOA==,2
NzAyOTQ5ODI5NTU3NjA4NDg0Ng==,2
ODc1NTYyNDg0NzM3NzA3NzkyNQ==,2
NzU3MDgxMjY4OTQyMzY2NDE2Ng==,2
LTIzMzA5OTM2MDQ5NTIwODI1NTU=,2
LTI4Nzc2ODUyNDk4MzA3NzIwMjc=,2
LTU0MjAzMjQ4MTU5NDQ3MzMwNzc=,2
LTE4MjcyNTE4Njc3NTcxNzcyNTQ=,2
ODU5Mzg4NDk3MTQ0OTUyNDA5Ng==,2
LTMxMTQwMTU1MTEyOTk0NDk3OTQ=,2
NzQ0MDI1ODc1MzE2MzUzMjAw,4
NjAzMzk5MDA5Mzc3ODY1MDAwMg==,2
NzgyMTYyMTM1ODYwNDM3NTc2,2
NjkxNjA4NDgzMDcwMzA5ODE0MA==,4
NjI4Mzk1MzI4MTIzNjkyNjky,2
MzAwMTQzNDQ3ODAwNTk2MzgxMw==,2
LTIwMTgxNDg0MjU1MDExNDE4Mg==,2
LTQwNDczNTA3NTEwNzQ1MTIyMw==,2
MTkwMzMwMTU1MDE5NTEwMTI5Ng==,2
ODk4NzkzMzc1MTExNDAxNTU3Nw==,2
MzgyOTI0MDM0Njc4ODc3OTYwMw==,2
NjM3MDk4NzE3NDA3Nzg0NzE2OQ==,2
NDU0ODE2OTIwOTg2MzQxNjI2,2
NjA3NjQ4MjI2ODEwNzk0OTg5Mg==,2
LTU2NTQwNjI1NDYzNDIwNzYzMjU=,2
LTkxMzE3MTkwNzk3MzI1MjUyODI=,2
MjE3MjU2NTcxNTk5OTc5NjgzMQ==,2
NjcxNjM5MTU1NDc5NjUxNzMyMg==,2
LTYxMjY3MDcwNDc2OTQwODk3MjQ=,2
LTg4ODAyMzQwNDA0ODY4NTEwNzM=,2
LTg5MDMyNjk2NDgzNDMzOTE0MDk=,2
ODk1MzkxOTI0MTEzNzU2OTAwMA==,2
NTUzNTc3Mjg3MTQ0NjMyMTgyNg==,2
LTczMTMwNzgzMjkzNTc2MzM5ODU=,2
LTc4MjMxMTUwNzkxNDYyNTY3MDc=,2
LTM5NDM0MTg2NzE1OTcwNDI1OA==,2
LTQyMzAwMDAzMzE1NjEwMTE4Mzg=,2
NjIzMzc5NTIwMjYwODE4Mjc2NA==,2
LTc2MzYyMzQ0NzMyNTc4NDAwMzc=,2
ODE3MTM2NjgwNDU2NjA2MDEzOA==,2
MTg3ODM4OTg1OTUzNzk3MzY3Mw==,2
LTg0NTQ0MTg3OTQ3NzEzODAyMTc=,2
MzAyODgzOTkwMDYyNTQ0NTk2OQ==,2
MTc2MzI1NzQxMzk4ODg2MjUyMQ==,2
LTYwNzA1NTkzMjUzNDM4MDA1NzI=,2
LTMxMzM0NDI5NTg1MTg2NTQ4MDM=,4
LTQ2MjI2OTkxMzE1MjI1NTgyMTY=,4
NzkxNDAyMDU3MTc2ODgyODU4NQ==,2
LTQ3NjcxNTA0NjI4Njk3ODMyNzk=,2
MzUwNDYyNTE4NzE3MTYwODg4Ng==,2
LTc1MTQ2MDYyMjgxNjQ3MzE5NjQ=,2
NTYyNzU2NzM2MjE4Njc2OTg3,2
LTUzMTI3NzA4MjM1MDkyMzI4ODY=,2
NTY2MTI3MDc5NDM4Nzk5MTAw,2
MjEwMzU4NTkzNDM5OTcwOTUyMg==,2
LTg0OTIyMzA2MDIxNDIzMDQ0MjY=,2
NTYwNDYyMDAwNDY0OTIzNzMwMQ==,4
LTQ2NzM2OTU2NDc2NDExMTUxMw==,2
NTA2MTkwMTU1NjkxODA2NDkyNQ==,2
LTU2NDYyMjcyODQ2MjE0MzcxNTQ=,2
LTM1MTMxODYwODkyNjk1MDEwOTA=,2
LTQzMjMwNDc4Njc4MjQ5MDI2MzM=,2
Nzk4NjEzNTA0MTQ1MTI3MDUyMg==,2
MTcxMTA3Njc5MTUwODg5OTIxNA==,2
ODA4Nzc5NDYxNTM5ODkwNTQ3Ng==,2
OTE0NzQ3MDI5ODg0MTI0MzA3NQ==,2
LTQ2MzM2MDEyNjQyMjU5OTk0NDk=,2
NTY0MzMyODM5MTA5NzQ5NDQ3Mw==,2
LTI2ODk5NDE0NjU3NTM4NDc0MzE=,2
LTg2NTk1MTE2Mjc0NDk0NjM5MjQ=,2
Mzg3MTAzNzI1NzIzNzM1NTkwOA==,2
Mzc5MTMyOTcwNjE2NTU5NjU5OA==,2
ODAwNzk4NTM5ODQ0ODM3MjIy,2
LTQxODQ5NjAzMDQ4MTM3NDMwNDg=,6
LTI1Mzk5NTcwMTU2NDk3MzgyNDI=,2
ODkxOTAyODM5MzU2MDM2MTA0Mw==,2
MjgyMzIwMDgyNjc0NzI0MzAy,4
LTQ3MzI5Njg1MTkxNzU3MTYwMzQ=,2
LTY1MDc2MTUyNjY5NTMyODQ2NjE=,3
LTQ0NzI1NDQwMjk2NTg5NDIwMDA=,2
LTcwMzgyNTg4NjUzNzU5NTU1OTI=,2
LTc2MTEwNDMwODM2Mzg4NTQ5OTA=,2
NDE2MTU0MjE5NDUwMjU0NTU2Mw==,2
LTU5MjMzMTY1MjAzMTI5NTMyODI=,2
LTkxODI3ODg0MzA5NjkyMDA2NzY=,2
LTE4OTMzNTE3MDQwMjA3NjY0Mg==,2
LTUyNDE1NDQxMDY0OTU5NzUwNjQ=,2
NzkyNDkxNTM0MzY2MDA0MDgzMQ==,2
LTEyNjI3NDEyMTQzMzU4MTkwMzk=,2
LTI0MTg5MDc2MDE0NTU0ODUyNTM=,2
LTk2NzQ1MDA4NjE1MTQ2NTQ5OA==,2
LTM0ODA4NTU0MTIxNDg2ODc1MTM=,2
MjcxNjY1MTg0ODU0NTc1NjMy,2
LTMwNjQzNTU0NDYwNDM2MTUyNzA=,2
LTI1MzI0MjQyNTgzMjQ0MTk3MTQ=,2
LTIyNjIyOTk0NTg2NDU2MjA0NDM=,2
MTA2NTUzNzU0MTg2NzgxMTkxMw==,2
LTI4MDg3MzcxMTY1ODk5NDg1NjQ=,2
LTM4ODgyMDkxNDYzNTEzNTk5NjM=,2
NzkyOTY2MDk0MjYzMjA4ODk3Mw==,12
LTQ1OTUxNjA2MDgxMDQ5NjMzMjU=,2
NjYwNDQwODE2MTQxMjA3MzY3,2
LTE2ODMyMTE3MjM4NzE3ODc2MTk=,2
LTY2ODc2NDg1MzQxMDM0NzI5MzA=,2
NTI4ODM0MjU2ODE1NjQ2NDI3MQ==,2
MzU3ODc3NTAyNjM3MTk2MzY1MQ==,2
Mjg2NDEzMTMzOTQxNDUyMzc2MA==,2
LTIzODU4NTMyMDkzNDgxMDI5MzE=,2
MTUyMDEyMDI2NTA1MzI4NzA2Ng==,2
MTIyMzUzMzYzMzU4NDUxOTQ4OA==,2
LTIwOTYzODUxNjkyNDA5Mzg4,2
LTU4NjE4NTI4NTU2MDk4NjgwNzY=,2
LTY1MTMyOTU2NTcyODgzMTM5ODI=,2
LTM2MTc4MzA2OTgwMjE1Njk0Njk=,2
LTkxMDA1MzM4NDYxODY4NDQxOTc=,2
LTY4MDUwNzEwNjY0ODkwNTIwNjM=,2
MTc3MTQ0NjI0MzUwOTU5MjQ4OQ==,2
LTk3MjUzNzM5NTExNzIxNDQx,2
MTkxOTQyMjY4MTA3MzM0NDQ1,4
NDU3Nzg5NzA3Njk5NDY3NzAzOA==,2
LTIxMDEwMTEwNDk2ODY4MzM4MQ==,4
LTYwNDA0OTM5OTQyMjk5ODIyODc=,2
LTg0ODcxNDk3NDg1NTk2NzA4MzM=,2
LTY2ODE5OTg5NzQwMTI3MzY3OTc=,2
NTkxNDAxOTEyOTkwMTAwMzc3Ng==,2
LTE5ODc2OTY5MzQxNzcwMTE2Mzg=,2
MTI5MTMzOTQ0MDE2ODM2MzkzMw==,2
MzIyNTAxMzIzNjgwMDkwMzI3Nw==,2
LTE1Nzg4MjM4MzQ4MTA0NDk1MDQ=,4
LTM0ODQ0Nzk5MDE2MjgyNTI0NjQ=,2
NDA1MzI1NzExMTY0MzExNjQ3NQ==,2
LTU5MTk0Mjc3MDYxODcyMDU4OTE=,2
NTM1NTY4NjA0NDgyNTQ4NDM5,2
LTY3MTI3OTI2MTkzOTI3MDUzNDM=,2
LTczNjQ5ODQ3Mzc3NjIyNzgyNTI=,2
LTYyNzIxNTMzMzEzMTM3MDM3Njg=,2
LTg2NjU4NDQwOTM2NTMzODkxMDY=,4
MTk1ODAwMzM1MzczMjU0OTgzMw==,2
LTY2NjUyMjc3MTc4OTYwNTQ5NzU=,2
LTE5ODczNDQzNDU0MDUxMDQzMDU=,2
LTMxNDMxNTYyMTU3MDA3NTYxMzU=,2
LTc0MjUzODY3NjQyNzMxNDA5NDc=,2
NjEyNDM0NjEyMTk1NDM5NDQ4Mw==,2
Mzk5ODE2MDA5NTA5NDkzNTU2Mg==,2
LTQwODA1MjU4MTQxODI1NzUyNzM=,2
LTYxNTQxOTEyMDMzNTMyNTI5Mjc=,2
LTM0Mjg1MTMwMzU1MTczODI0NDU=,2
LTgyNjA3NTQzMDYwNjk0NDI1MjA=,2
NTkyMDA0ODAwNjYwODg5MTI1NA==,2
MzgzMzU0NjM3MzY3NDA5MDAw,2
MjEyMzA0MzQ3MDUyMTI2NTcxMQ==,4
Mjk0NDIyMDY0NjIzMzg0MDg2OA==,12
NTgyNjY2MjA2MDQ2NzA4MTUwMg==,2
LTQwODY4NTYzNjY3MDMyMzgzNzg=,2
LTM4MTk0OTY4ODIzMjQ2MDk5ODE=,2
MTY4MTg2NjYzMzI3OTc1NzIxNQ==,2
LTIwMDk1MDg0Njk4MDIxNTQwMTQ=,2
LTgxNDk3OTQxNzY0MTkzNzMzNTQ=,2
LTMxMzM0MTA0ODUwMjU1ODc3OTE=,2
ODY1ODIyMTQzNTQ2MTc3Mzk2Mg==,2
NTI4MjE4NzAwOTQzMDQ1MzU2MQ==,2
LTgwMTAxMDc0OTIwMTAyNjIzNTY=,2
MzcyMjgzMDYzMDIxODY3NDE1Ng==,2
LTMxMTI3MTc1NTQ3ODU1Mjk3NzM=,4
LTM1MTMwMjE3MzY0MzExNzUzNzU=,2
LTQyODY3MjE0NDIxNDE5ODgwNjk=,2
MjA3NjgwNzA5NjkyNTkwMzI0OA==,2
MzA5OTM5OTY1OTY0Mjk2ODY1MQ==,2
LTYyNDU2NDk4ODkzMjgzMjk4NTU=,2
LTYxNzIwMDUyNzI0NjI4NjYyODE=,2
LTExNTM1OTY5NTU3MTk3MDQzNQ==,2
MzMzMjY5NjIwMDYzNzMyMTA3Mg==,2
LTEzMTcyOTczMDMwNzcwODczOQ==,2
LTU0Mzg5ODAxMTYzNDQzNTQ3ODI=,2
LTI1NDQ1MjAzMTA4ODk3NDcxNDY=,2
Mjk1NjY3NzA0NTI5ODQ1MjIwMg==,2
MjQwNTc1NzI5Nzg2MjE3MTUzMQ==,2
NzExODAzMjczNjY1MTA4NjczNA==,2
NzUyODMzMjU5NzEwNTczMzQwMQ==,2
LTkwNjc1NjQ1ODgwMzEzMTkzNTk=,2
NDIzOTUxNTQ0Mzg3ODM2MTc0Mg==,2
MjM0MjMyNTAxNTAxODQ0NTc3MA==,2
LTQ4NTMzMDA2NTM3ODAyNDUyOTI=,2
LTY4MzQ5NzgyNDcxMTk3NDQxMDA=,2
Njc0NDgzMDI4OTY2OTg5MjQ5OQ==,2
LTEzNTM3NzQ0Njc2ODU5ODY2NDg=,2
LTMxOTczNzMwODczMDgwMDA1NDI=,2
MzI0MTI1NDg5MTc4Njk4NTY4NQ==,2
MzQ0NzEzMTA1OTM0NzEyODcwOQ==,2
LTg3NDY3OTY4OTYzNDAwOTcyMjM=,2
MzM0NDA3ODczOTU3Njg2MTc3MA==,2
LTU3NjA3NTE3MDc5MDc5ODQ2Nzg=,2
NDE4NjUwODkwMTExMjQ4NjExNQ==,2
NDI4OTE2NjE3MTI4NDg5MzEzNg==,2
LTg5MTMwNTEyNjM2MDc4Nzc1NDc=,2
OTQ5NzI4NzYyMjM4ODU4NjY4,2
LTI0OTcyODk3NjU0NjE4ODMx,2
LTYwODYwODA5NzkwMzYyOTAyNzY=,2
LTU2OTQ3NjYzNDc4NDEyNTQzMjA=,2
LTk1MzAxMzI2MTM3MTEzMzk5OQ==,2
Njc0NTYyMjg0NTg4Njk1MDkzNA==,2
LTczNjYwNDYzNTE3NjMwMDM2MTc=,2
LTI0ODc0Njk4ODYxNjk0OTI2MzQ=,2
LTI4MzYxODk2NDk2MjIwNjU0Nzg=,2
MzA5NzgxMjE1Mjk2NzkwMjQ0NQ==,2
MzY3NjY2NTA3OTQ2MDIyMTExMw==,2
NDIxOTkyMjczNTU2MjQxNDE1Mw==,2
LTM1Mjg4Mjk5MTA4MDE0NTg4NjY=,2
NTM1MzAxNzAzMzIzMjgwMjk2OQ==,2
LTM5MDUxMjc4OTU1NTg4NzU2NTg=,2
Mjg5MzA0OTkyNDI4OTU1NzIzOQ==,2
LTYyNjQ4Nzk1Njk2MDAzMzU4NDM=,2
LTcyNTEzNTQ0MjY1MjEwNjcwOTE=,2
LTc1NzkzNDI3MzM5MjU0MjgzNTA=,4
MzU1ODcxOTgyOTUwNDc4NDc0OA==,2
LTM0MzM1MjE1NzU4MzI5NzY5NTU=,2
LTE4NDkyNjkwNjM3MDgyMTYzNTI=,2
NDE1Mzg2ODc0MDE2NDg1ODg3MA==,2
Mjg3NzMzNjQ5NDUzMzk2NDM5MQ==,2
NzkzNjY3NjU2NTY3OTgyMTI1MQ==,2
LTIxNjk0MDU4NTM0NDQ3NjIyNTQ=,2
LTI1OTI5MTg0Nzg4MTY0NTYy,2
LTQyOTgwNzUwMjYyNjk0NjQwOTQ=,2
LTI1MzM0NzM4NzcyMjY4NTY1MjE=,14
NjQyMTAwMDY4OTk2NzM4ODk3OQ==,2
ODQyNDgxOTU4NTc3ODgwMjg4NQ==,2
ODczMzEwMzAyMzE0NDc2MzE4OQ==,2
LTg3MjA3NTQxMzkwMzQ1OTE5MzY=,2
NzI1MTg5OTQzMTIyNzU1MjY2Ng==,2
OTE2NjQxNzM3OTg4MjE2NDgxOA==,2
LTU1MDc0MzA4NTI3NzkzNzg1Nzk=,2
ODQ2Nzg0NDAyOTIxNzY1ODQ0,2
LTcwNjk1ODM0NzkwNDgxODQ3ODM=,2
Mzc5NjczMDQ3NjYxMzc5ODI0MQ==,2
NjI1MDAzMTgyMjA2Mjg1NzAxNw==,2
ODk3MzIzOTkzMTc3NzM0MTA0MQ==,2
LTIxODI3MDI4MDAwNTYyMzc0MDc=,4
MjcyMTgwNTkyNDgxNTExMjE3MA==,2
ODg2NzkzNjA0OTYyNDkzODA0Nw==,2
NTA1OTEyODIyMDAxODQ5MDE=,4
MzQ1NDU4NDA4NTY3MjQ4NTk1OA==,2
NjM0NzQ4NzY1NDk5NTU2MDIwMg==,2
LTYwNDMwMzc3MTEyNTY3MjA2OTE=,2
LTU1NDUxMTMzNzI3MDEzNTgwMTI=,2
LTUxNTg1Mzk1OTcxOTg1ODIwMDY=,2
NjI1NTE2MDkwNjEzOTY4OTI4OQ==,2
NDA0NDg3OTQxNTM4ODY5NjAwNA==,2
ODI1OTIzNzAzMjgwMzQ3ODU4Mw==,2
ODUxMjk1NDc1MTI3NzE3MTA1Ng==,2
LTQwMTk3OTczNjQzOTc0MzI3Mjg=,2
NTQ3NDU5MjUyNDE0ODk3MTU5,2
NjE5NzA5NTc0MjQxNDEwODc3NA==,2
NjQ5NDEyODU2MTk4MjI3NjI5,2
LTU0NDI2NzgwMTAzNjk3NTEyMDA=,2
NDg4MTcwMzQ3Njc1NjQyOTA2OQ==,2
MTg5NDA0MjkxMDEwNDA3NzYyMQ==,2
NDE0OTM1OTk0NDU0MzQzOTAwNA==,2
LTE4OTU2OTA0MjM0MDE1NzI2ODY=,2
LTkxMzYxNDAzNTM0MDIxMTY0MjQ=,2
LTQzNjI4OTg3MDAyNzUwNTE3MzA=,2
ODExOTU2MDk1Njc4OTgwNTg4NA==,2
LTczOTQ3NjMwMDYwNzgyNjI2OTg=,2
NTkzOTMzMDgyODY3OTAyMDAxNQ==,2
LTQzNzc4MzQ1OTgyMDE2NjM5NDU=,2
LTIxNTk2MzQ4ODEyMDAyODI1Mg==,2
LTUxODU5NjU4MzgyOTU1MDkwMzg=,2
MTUxNDEwNTM1MTQzNzQ4NTk0MA==,2
LTQ4ODk4MjE1NDgwNjQxMjA1MjE=,2
LTE0NDE4MDI5NDUwMjMwNTc3ODg=,2
LTgzMjMyODEzMzY4MjI2MDkzNjI=,2
LTM5ODQ2MDg1ODE4ODg5NzU4MjU=,2
LTY4MjQ4OTU1NTIzNDA1NjU4OTE=,2
LTEwNzg2MDMyNTQ2MzgxOTA0NjU=,2
LTI4NDgyMzczNjYwMzY2MTkxNDU=,2
LTMzOTY0MTM5MDgzMDg2MjgyMDg=,2
NDU1OTMzODg4MTExMDAwMzM0NA==,2
LTY2NDUwNTM1NjI5MDQ5MTM4Mg==,2
LTU1Mzg2NDY3NzExMzYzMDE0OQ==,2
NDI3MjY0MTEyOTUyMzIzMjYyMQ==,2
LTg5NzY5MjM2NzgzODM5NDI4ODQ=,2
MTI0MzUwNzQwMzcxNzI5MTIyMA==,2
LTYyNDg1MDUwNzMyODc0NTA4NTk=,2
ODk0NzkxNjI5OTc1Mjc1Nzk4Nw==,2
LTc1NzU3NzI3MTAzNzYyNTgzOTg=,2
LTMwMjQ1Mzc0ODM3MDg5NTQ5NTk=,2
LTMwMjg3Mjk0MDgwNjA3MzQzNzA=,2
MTM0NTAzNjQxODkxODc3MzU1NQ==,2
LTgzMTEzNDgxNzYzOTU1NTA0NjQ=,2
ODE1MDk4MDA4Mzc2NDcxMTU0OA==,2
ODA2NDYxOTExNTQ0OTQyNjUyNg==,2
Njg3NTIwNTI5MTkzNzczODg0Mg==,4
LTQwNTUwNTczODQ1MzgxOTE3Mzc=,2
LTM2ODY5NDQ2NTM0Mzc1MzE3Nzg=,2
LTE4NjY4ODc1Mzk5MDcyNzY4ODM=,2
LTE2NjgyNDE2NTI2NDIyMzYwODA=,2
LTUwOTQyNTg3NTA4MTAxNDkyOA==,2
OTAzMzg2NzIyNzkyMjI4MjkwNg==,2
NzQ3NjY2ODEzODIxNTkyNDY3Mw==,4
NzI0NjE5MzI0MjkzNDczODU1Ng==,4
MTcwMDk1MTcwNjQzMzYxNzcwNg==,2
LTc5MzM1MjM4NjE4Nzc1NzQ1NTM=,2
MTcxNjM4MTg3NDExNDQyMDkxMw==,2
LTQyMDMxNDE4NDQ3ODQ5NDYxNDM=,2
LTYzNTA1MjI1MjI2NTg1ODYwNzQ=,2
MzUwNTU4NTk2NTYwNDY4MzU3Ng==,2
LTcyMTA4OTcwODA5Nzg1OTg1MzY=,2
ODU1OTMyOTYzODAyNzIwNDI1NQ==,2
LTkyMDEzNjk5MjkzNTM4ODU1NDM=,2
LTQ2OTg1OTM0MzMxMDI0MzY0NTg=,2
NzY5MzU5Nzg3MjUxMjI1NDg4,2
LTkwNjUwMDI5NjQ3MTU0MzMxNzY=,2
LTUwMTMzODI5MTY5NjYxMDQ3ODM=,2
LTgxNDE0NDcxODE1MTA1MjIwMDk=,2
LTgzOTkzMjcyMzc1ODk2NDUxOTc=,2
MjY5NTkxNjI2NTMxMjM5MDQy,2
MTk5ODE2NDE1ODYxMzAwNTgxMQ==,2
MzY4Nzg5MjkzNjI5ODQ4MTU0Ng==,2
MTQzMzc4NTQzMDA3OTA2ODIwMA==,2
LTQwMzI4MDY2ODQ5ODEwNDQxNDk=,2
LTcyNTIzMzg4NDk2NjMwMjExNTU=,2
LTg0MzEyMzc5NTA0NTMyNDI3NDM=,2
OTk0MDQ1MTgzMjIyMTUwMzA2,2
LTQ0NDQ3NTExMDYwNTI2OTk3NDk=,2
LTE1NzQxODg5MjY2ODk4MDE1MjM=,2
LTYyMjc2OTA0MDAyNzUyMzM0NDg=,2
LTYwOTc3NDc4NTQyNDIzMjgzMTU=,2
NTc5MzEwMzMzMzcyNDYzNTY5OA==,2
LTc5MTM0MTk3MDk4MjYxMDk2OTA=,2
LTYwOTEwNzc4NTI3MTI2NDYxNDU=,2
NjY5OTgxMzUxMjAzMjMwOTMwMw==,2
LTU4NTIxMjc4MDk2NTA2MTA0Mzc=,2
LTg5ODUwNTUyMTkwODQ4NzcyOTQ=,2
LTcwMzA5MjY0MTYxNjQ4NTY4NTU=,2
LTg5OTYyNzkyNzg0MzkyMzY3MDc=,2
NzQ2OTM0ODE4MzkxMzY4Nzc2NA==,2
NzcyOTE1NjY1ODIyODY5NjQ2Nw==,2
LTY1MzYxMDIzODI5NTUyMTg1MTM=,2
LTMxMTQ5NzM3MTEwMDg2ODI3NA==,2
LTM3MzE0ODM1OTE4NDI0MjI3NDk=,2
LTEyMDI5MzMwNzQzOTMxMjQxMzg=,2
LTE1NTc0MjE2MDk1NzczNjY0ODY=,2
NDQyODM5OTcwOTAxNzgwMzM2,2
NzIwNzg0MDg1ODI5ODg3OTM3NA==,2
MTgxMzcwNjYxMjczMTg3NDkzMw==,2
LTU0NDI3Njc2NDE2NTU2OTc4NzI=,4
MTcxMjk4NDMyNzc1OTQxMzMzMQ==,2
LTQ5MzUwNzU0NzE3MDI0ODg2MDQ=,2
LTgwODM3NTM0MzQ4NTMyNDIxMjg=,2
LTkxNTgzMDcwMjA2OTc0NDA1NzU=,2
NDAyNzU2MTU0MDY3NDM4Njk1Mg==,2
LTIyNDgwNDYxNTc0ODY4Nzg5Mw==,2
MTY2MDcyNzYyNDA4MzI0MjI3NQ==,2
NzAyMTIyMjc5OTA4MzAxODk5OA==,2
NzAxMjUzNzc0ODM3NzgwMjYyMA==,1
NjY4MDM4NDc2OTk4NTA2NTQyNA==,2
NTI3MjkyNDMwNjMzMDgxMzQzNw==,2
NzMyNjkzMzgwMjcwNTczMjc1NA==,2
MzI2MTEyMTkzODU1MjEzNTQyMA==,2
LTM1NzMyNTY5OTAyNTczMzU5Mjk=,2
OTIwNzUzMDEwMjQ3NDQyMzIwMw==,2
LTU0NjQxOTE3MjY5NTg2NzYyODg=,2
ODE5NzIzNjk4MTI2NzY1NDc1Nw==,2
ODI3ODU5MjM4MTQ3MjQzODczNQ==,2
OTA1OTU1ODUxMTE0MDM4MjMyNA==,2
MTYwMzE5NzU5NTM4NjgxNTkzNw==,2
MTM5MzAyNTM1NDgwNTc5ODU=,2
OTExNzY4MjkwMTE2Nzc2NjU0Ng==,2
Njk2NDA1NDQ3Mjc2NjU2NTc5,2
NTc5MzUzMDE5MzE3NjQ4OTM0Mw==,2
NzkyMjEzNDAzMjMzNDM4ODMwMg==,2
LTQxODUyNDE5Njc1ODg0NTYwNjE=,2
MTczODk5NzI2MDk2ODIxOTQyMA==,2
LTEzNDkwMTE2NTkzMjU4NTc0Mzk=,2
LTUxNzU1NjM2MjE3MzQ4Mjk5MjU=,2
NTcxNjM3MTUxMTUzNjM0MjYzOA==,2
LTI1NjA5NTAxNzExNTQwNTc4MTM=,2
NzUwNDY0MzczNDUxOTU1MDUx,2
Njc3ODYzNjY2NjMyODQwMTQ5OA==,2
LTY2NDc5MTc0MTQ0NDk2NDY5Nw==,2
NjY0MjYxMjMxNzE4MDUyMjA2OQ==,2
LTYzMTc1NjU1NzAyMzM5OTUyNzg=,2
LTI2NjYzMTM5MjA2MjAwMjA2MzY=,2
Mzk0NDk2NjM5Mzk3NjM5MjE2OA==,2
LTI3NTY5MjUwMjg5MDgyNzM0MQ==,4
ODM4MDU5OTYxMjgzMzAzMTMyMQ==,2
Nzg3OTI0OTE5NjI1MjMwNDAyMA==,4
LTc4MjMyNTc0NTc0NTE1OTQ4MjM=,2
LTM1OTE3MzQ2MDU3MjQwMDk3MzU=,2
MzUzMjEyOTk5NjE1MDY0Mjk4Mg==,2
LTg1NTUwMjM3OTAwNDI4NjE0NTk=,2
LTcxMjc5ODIwNTM0MDczMTg0NjM=,2
Mzc2ODI5MTYyNzY5MjY5ODI1MA==,2
MTk1NDIzMzQwMzIzMzU2MDU2Nw==,2
NzY1MzkxNDM5MzQwODgwNTc0NA==,2
NTE5MDI1NTc2NjQwODQ4NzA4NA==,2
MzAzOTc2OTc4MTEyOTc3ODEwNg==,2
MjE1NjUwNDc5NTAzMDkxNzEwNQ==,2
MzYzMjk0NTAzMjY3OTQ3ODc0MA==,2
MzQ2NzI5NDcwMzk4MzExMDI3OQ==,4
MjY2MzA3MDU1ODE1MTg5MjI3Nw==,2
LTg3NzQ1MDg5Mjc5NTExMTYwMjc=,2
ODI1Mjk2MzM2Mjc5NTk3MTEyOA==,2
MTg3NDU5NjI2MDE0OTc4Nzc4NA==,2
LTIyMTE0OTc2NDE1MzA3NzA3MDE=,2
LTgwMDM1Nzc3OTg1NDU4NDI1NjM=,2
LTM4NzgzMDcwNDAyNDE1NDIy,2
MjUwOTA5NDQzNTMzNzg2MDgzNQ==,2
LTIzMDQzNTQzNzI3Mzg0Mzk0MzE=,2
ODA2NDY0MDg3NzcyNDcyNjc1NQ==,4
LTI5MjA0NzI5MjIzNzA2NTA1Mzk=,2
LTcxMDc1MDk1Mzk3MTIzNzMzNA==,2
NzMwMTQwNjE1Mzk2ODM4MDgyNA==,2
LTYzNjUzODMwNzE0MzI2NTczMTI=,2
NTA5OTkwMzIzNDQ4MzEzMzEwNg==,2
LTIxOTgxNDg2NzQ5ODMzOTAxMDU=,2
MTExOTAxMTczMDkzODc3NDE5OQ==,2
NzI5NjkwOTAwNDYxOTU3MDg2OQ==,2
ODYyODAyODc0MTI2MDE3ODAyMw==,2
NjI1MDQ3ODk0ODc3MzM4MjYzNA==,2
Nzg3NzEzNzA5MDUzMTc2NjkwOA==,2
Mzc0MDgxNDg2OTQ0ODk3Mzc2Mw==,2
NzE1MjQyMTMwMTAwOTg3MzE5MA==,2
Mzc3NjMyMDE0MjczNDg0NzUxNA==,2
NDQ5MjEzNjE3ODA0ODgyNTg4MA==,2
MjIxODE0MzQwNjIzOTExMDM3Mg==,2
LTE1MTAzMDU4NDQzOTkzNjE1NTM=,2
MzYyMDYwNjc3NTYyMzIyMzIyMA==,2
MjQ1NTc4MDY3ODU4NDE4MDI2Mg==,2
LTQ3NDAxNDYyNzI5NDgxNzk1MjE=,2
LTU3NDI4MzI0MDU3ODU3NzM4NTU=,2
LTcyMTU0NDkyNDk2MTQ3ODM1Njk=,2
MzY5OTk2MzU3NDA3MjczNjE=,2
LTM1NzQ2NTg2ODc2MzQ3MDQ2MjE=,2
Nzk0NzA0MjYxMTg3NDkxNjQ4OQ==,2
LTMzMjA0NjkyNzYwMDQ0NDUyNzY=,2
LTQxNDgxNjU0MzY3OTQzNzIzMTc=,2
NjQyMjk5MDM5OTgwNzY2NDU1MQ==,2
LTk2NzY1NzIyNTY3MzIxMDkyOA==,2
